,Title,Published_date,Views,Likes,Comments,Month
0,G-56. Articulation Point in Graph,2022-11-22,3641,133,29,Nov
1,G-55. Bridges in Graph - Using Tarjan's Algorithm of time in and low time,2022-11-22,1866,83,13,Nov
2,G-54. Strongly Connected Components - Kosaraju's Algorithm,2022-11-22,2432,116,19,Nov
3,G-53. Most Stones Removed with Same Row or Column - DSU,2022-10-23,16846,568,77,Oct
4,G-52. Making a Large Island - DSU,2022-10-22,4941,236,58,Oct
5,G-51. Number of Islands - II - Online Queries - DSU,2022-10-22,4250,254,33,Oct
6,G-50. Accounts Merge - DSU,2022-10-22,4549,280,35,Oct
7,G-49. Number of Operations to Make Network Connected - DSU,2022-10-22,3166,264,28,Oct
8,G-47. Kruskal's Algorithm - Minimum Spanning Tree - C++ and Java,2022-10-22,4609,290,37,Oct
9,G-48. Number of Provinces - Disjoint Set,2022-10-22,3837,266,26,Oct
10,G-46. Disjoint Set | Union by Rank | Union by Size | Path Compression,2022-10-22,8254,548,67,Oct
11,G-43. Find the City With the Smallest Number of Neighbours at a Threshold Distance,2022-10-22,3786,244,36,Oct
12,G-45. Prim's Algorithm - Minimum Spanning Tree - C++ and Java,2022-10-10,16530,597,424,Oct
13,G-44. Minimum Spanning Tree - Theory,2022-10-10,5649,344,28,Oct
14,G-42. Floyd Warshall Algorithm,2022-10-10,9267,519,51,Oct
15,G-41. Bellman Ford Algorithm,2022-10-10,7249,545,58,Oct
16,G-40. Number of Ways to Arrive at Destination,2022-10-02,9535,479,77,Oct
17,G-39. Minimum Multiplications to Reach End,2022-10-02,5270,306,77,Oct
18,G-38. Cheapest Flights Within K Stops,2022-10-02,8881,441,84,Oct
19,G-37. Path With Minimum Effort,2022-10-02,7088,385,55,Oct
20,G-36. Shortest Distance in a Binary Maze,2022-10-02,7294,365,93,Oct
21,G-35. Print Shortest Path - Dijkstra's Algorithm,2022-10-02,7418,426,55,Oct
22,"G-34. Dijkstra's Algorithm - Why PQ and not Q, Intuition, Time Complexity Derivation - Part 3",2022-09-28,7374,815,69,Sep
23,G-33. Dijkstra's Algorithm - Using Set - Part 2,2022-09-28,6442,541,50,Sep
24,G-32. Dijkstra's Algorithm - Using Priority Queue - C++ and Java - Part 1,2022-09-28,20232,750,77,Sep
25,G-31. Word Ladder - 2 | Optimised Approach for Leetcode,2022-09-10,12755,371,57,Sep
26,G-30. Word Ladder - 2 | Shortest Paths,2022-09-10,9506,462,61,Sep
27,G-29. Word Ladder - I | Shortest Paths,2022-09-10,12654,651,71,Sep
28,G-28. Shortest Path in Undirected Graph with Unit Weights,2022-09-10,8007,432,59,Sep
29,G-27. Shortest Path in Directed Acyclic Graph - Topological Sort,2022-09-10,10433,589,76,Sep
30,G-26. Alien Dictionary - Topological Sort,2022-09-10,10150,638,72,Sep
31,G-25. Find Eventual Safe States - BFS - Topological Sort,2022-09-05,10703,547,59,Sep
32,G-24. Course Schedule I and II | Pre-requisite Tasks | Topological Sort,2022-09-05,13577,619,81,Sep
33,G-23. Detect a Cycle in Directed Graph | Topological Sort | Kahn's Algorithm | BFS,2022-09-05,10491,534,50,Sep
34,G-22. Kahn's Algorithm | Topological Sort Algorithm | BFS,2022-09-05,10621,577,37,Sep
35,G-21. Topological Sort Algorithm | DFS,2022-09-05,12734,673,58,Sep
36,G-20. Find Eventual Safe States - DFS,2022-09-03,19041,781,83,Sep
37,G-19. Detect cycle in a directed graph using DFS | Java | C++,2022-08-31,15572,682,83,Aug
38,G-18. Bipartite Graph | DFS | C++ | Java,2022-08-31,9286,510,43,Aug
39,G-17. Bipartite Graph | BFS | C++ | Java,2022-08-31,13004,676,48,Aug
40,G-16. Number of Distinct Islands | Constructive Thinking + DFS | C++ | Java,2022-08-30,17173,905,123,Aug
41,G-15. Number of Enclaves | Multi-source BFS | C++ | Java,2022-08-30,13022,636,66,Aug
42,G-14. Surrounded Regions | Replace O's with X's | C++ | Java,2022-08-29,19781,943,93,Aug
43,G-13. Distance of nearest cell having 1 | 0/1 Matrix | C++ | Java,2022-08-17,29603,1125,128,Aug
44,G-12. Detect a Cycle in an Undirected Graph using DFS | C++ | Java,2022-08-16,16615,757,70,Aug
45,G-11. Detect a Cycle in an Undirected Graph using BFS | C++ | Java,2022-08-15,23780,952,78,Aug
46,G-10. Rotten Oranges | C++ | Java,2022-08-13,33459,1425,135,Aug
47,G-8. Number of Islands | Number of Connected Components in Matrix | C++ | Java,2022-08-11,38509,1552,192,Aug
48,G-9. Flood Fill Algorithm | C++ | Java,2022-08-11,27950,1191,117,Aug
49,G-7. Number of Provinces | C++ | Java | Connected Components,2022-08-10,32243,1305,112,Aug
